concept, category
arithmetic,
assignment,
comments,
conditionals,
constants,
enumeration,
expressions,
packages,
sameness,
truthy-and-falsy,
variables,
anonymous-functions, functions
function-definition, functions
higher-order-functions, functions
multiple-values, functions
nested-functions, functions
recursion, functions
classes, clos
generic-functions, clos
methods, clos
multiple-dispatch, clos
multiple-inheritance, clos
objects, clos
slots, clos
code-as-data, macros
unique-symbols, macros
reader-macros.using, macros
reader-macros.defining, macros
printing, io
reading, io
arrays, sequences
association-lists, sequences
circular-lists, sequences
basic-lists, sequences
property-lists, sequences
strings, sequences
vectors, sequences
complex-numbers, numbers
floating-point-numbers, numbers
integers, numbers
rational-numbers, numbers
booleans, types
characters, types
cons, types
hash-tables, types
sets, types
streams, types
structures, types
symbols, types
trees, types
conditions, conditions-and-restarts
handlers, conditions-and-restarts
restarts, conditions-and-restarts
signalling, conditions-and-restarts
format.basic, dsls
format.conditionals, dsls
format.iteration, dsls
format.language, dsls
format.miscellaneous, dsls
format.numbers, dsls
format.tables, dsls
loop.basic, dsls
loop.collecting, dsls
loop.miscellaneous, dsls
loop.ranges, dsls
loop.tests, dsls
loop.traversal, dsls