concept,category
multiple-dispatch,
mutability,
immutability,
type-inference,type-system
repl,
package-management,
unicode-identifiers,
iterators,
type-unions,
in-place-modification,
broadcasting,
enumeration,
piping-operator,
errors,
strings,
chars,
ranges,
views,
modules,
import-and-using,
scopes,
docstrings,
string-interpolation,
string-multiplication,
testsets,
tests,
doctests,
named-arguments,
operators-are-functions,
functions,
methods,
methods.basic,
method-signatures,
optional-arguments,
higher-order-functions,
nested-functions,
anonymous-functions,
symbols,
expressions,
generated-functions,
macros.using,metaprogramming
macros.writing,metaprogramming
string-literals,metaprogramming
abstract-types,type-system
type-unions,type-system
composite-types,type-system
mutable-composite-types,type-system
external-constructors,type-system
internal-constructors,type-system
type-parameters,type-system
type-stability,type-system
type-piracy,type-system
peformance-analysics,
benchmarking,
profiling,
code-inspection,
debugging,
1-based-indexing,
arbitrary-indexing,
multidimensional-arrays,
matrices,
vectors,
tuples,
dictionaries,
nothing,
missing,
language-interoperability,
traits,
map,
chars,
exception-handling,control-flow
conditionals,control-flow
short-circuiting,control-flow
pairs,
